id,name,area_index,leader_index
bb98ece6-078f-44d0-93bf-3bce8e1125cb,Grupo Recursos Humanos 001,2,1212
98de2693-e54e-4f2b-a527-e34928cba58e,Grupo Soporte 001,8,9787
d77eeb8f-8b7c-45ea-8e47-54cfb2c096ea,Grupo Legal 001,6,6619
270721d7-cd9f-4bb7-bb1f-ebb6c87c28af,Grupo Operaciones 001,5,1247
d7b6c0fa-a430-4189-88c9-1187be7cdd43,Grupo Tecnología 001,1,8374
b33b9ebd-123f-4124-9eb4-03cc8d85f268,Grupo Tecnología 002,1,8728
eae7b3ca-6eb0-475d-8477-1fcd36e8d267,Grupo Tecnología 003,1,5875
d3ef3206-cec3-450a-826b-521aabd7f673,Grupo Producto 001,7,4398
c0593376-c351-466a-baa0-e6128dba7ade,Grupo Operaciones 002,5,5851
8884f39b-26ae-4c13-a7ac-5771682109ac,Grupo Operaciones 003,5,9325
92663e41-1879-49c2-a4fa-b9e9f02d9636,Grupo Tecnología 004,1,3739
9baecc21-11a0-46c3-818c-d5add17d30b5,Grupo Soporte 002,8,1237
ed77d1e9-2552-4560-b289-901dfcf915d8,Grupo Producto 002,7,3342
3ba40eb9-4550-4863-bc28-08653d774296,Grupo Tecnología 005,1,3874
6a52bd18-9a2f-484e-a01f-d44d1ac709d5,Grupo Tecnología 006,1,1960
975d1de3-2fc9-4c92-b566-9de2c848d780,Grupo Tecnología 007,1,239
75c7a83f-4b87-48d7-b863-c29b822c99db,Grupo Recursos Humanos 002,2,2368
3342ae01-40b3-44ad-94fa-299a96779ae0,Grupo Marketing 001,4,1402
65846402-101f-4d94-8f5c-ee8d59c30484,Grupo Finanzas 001,3,5680
6cd401ff-fc21-4d51-8d69-1c941dcfb143,Grupo Tecnología 008,1,3056
7113e2ad-2721-4326-9c00-c6c1281b07d4,Grupo Operaciones 004,5,9325
10536da2-10f8-432c-95bb-01753aea0804,Grupo Tecnología 009,1,9787
43aa49a3-94dc-4871-982a-d54d4c026943,Grupo Tecnología 010,1,3529
f063b94f-7648-4356-81ea-f82a291c7340,Grupo Recursos Humanos 003,2,1711
cfdedcb9-e7ad-4de2-8d9c-230f418d9330,Grupo Finanzas 002,3,2323
47500809-5108-4d47-a00d-72af70feeeec,Grupo Producto 003,7,2323
dbb02b27-c1b9-42c3-8c30-3a653ccd14e4,Grupo Tecnología 011,1,8217
b0bf891c-3f75-4577-88eb-40100d5e06fc,Grupo Marketing 002,4,5450
8d6d4ad0-d95b-478e-a848-8ed16b2f60fe,Grupo Operaciones 005,5,9541
5e739256-741b-44d6-bb0d-a48d178f4a91,Grupo Tecnología 012,1,2033
2b7480f3-ba33-4792-b66f-0b79850fb012,Grupo Operaciones 006,5,2522
4167bfb8-1225-4915-954f-4212825b7317,Grupo Tecnología 013,1,7562
2cf96bb3-43b1-44cc-9c3b-b2930a012d10,Grupo Tecnología 014,1,3874
0436e06e-ea40-4272-b8b0-15eadd3b2ff1,Grupo Soporte 003,8,320
37def2d1-a1ae-4f55-8990-79bf80151f32,Grupo Soporte 004,8,7630
806ffe72-89d8-4a0a-937d-33ba9a7ff8e1,Grupo Producto 004,7,924
d92faa11-b31a-40e7-9333-e7b14dab1feb,Grupo Recursos Humanos 004,2,8516
013453c1-d095-43fd-bed5-6d1dd7aff4d8,Grupo Tecnología 015,1,3936
f50f43ae-612a-4a06-b8f4-9127f5429eb6,Grupo Operaciones 007,5,8396
9c5bd4ce-b457-4076-8187-5a8e55cc9cfe,Grupo Finanzas 003,3,3981
c40c5925-83d0-46ab-a497-5ce9350678ac,Grupo Tecnología 016,1,7246
5651f8c2-33a8-4211-a303-e2f898daa41a,Grupo Marketing 003,4,3991
0148120e-0a27-40c6-803d-b91f8dd6eb19,Grupo Tecnología 017,1,8305
2f77a720-e085-404b-816f-68c2ed52384e,Grupo Soporte 005,8,8925
33de4651-34f3-4c57-9ed5-3c75c2f2de9c,Grupo Tecnología 018,1,8516
5ecc10a8-1da6-422e-bed5-e1e8ae773bee,Grupo Operaciones 008,5,5746
127a1fed-efba-43d9-a8ba-534f2761c303,Grupo Recursos Humanos 005,2,5806
7a3aaac8-5b35-4c15-988b-e2f0eac8883d,Grupo Marketing 004,4,2789
70b3000e-0ca4-4d8b-904e-0923682a2705,Grupo Marketing 005,4,6682
2be5a777-e381-4eac-a9d7-59f7dccaa9d1,Grupo Tecnología 019,1,7043
45542b05-33f9-4993-ba2d-120711a3971f,Grupo Soporte 006,8,7872
efa2d1a2-cc33-4883-9501-40066a1955b5,Grupo Legal 002,6,8305
ebe95d88-d785-41ef-bdfc-908377b450e7,Grupo Soporte 007,8,1287
35b77169-af28-4c65-9cb6-4c314966a7cb,Grupo Producto 005,7,487
1d19bceb-2270-4b52-9fd4-0ca07bb50657,Grupo Operaciones 009,5,3154
aa5cb946-3999-4853-8efb-f14fa8c36d04,Grupo Soporte 008,8,9136
2771b5a7-214d-49a9-8ec6-862802f19066,Grupo Tecnología 020,1,7677
f98f7275-dc24-43ea-90d2-9c6cc35efba6,Grupo Tecnología 021,1,84
c2a56109-9ff7-4138-9f04-5a58dccc154f,Grupo Tecnología 022,1,3740
566f7a18-8f05-40e0-9f4a-de5dd20660b3,Grupo Recursos Humanos 006,2,794
9bc79bfd-1aca-4f6d-8349-cfc1ce36301a,Grupo Finanzas 004,3,4591
078398a9-0c23-4407-a2e5-18d9b4e8d404,Grupo Tecnología 023,1,8773
d5e2c7d2-25d4-4d1f-8909-ab450dbf13e3,Grupo Producto 006,7,1602
9df2e427-300f-46d6-95d5-e66ad1b138fe,Grupo Recursos Humanos 007,2,2759
8c5fbf03-7a57-4737-b360-a81101b87d6c,Grupo Tecnología 024,1,385
7e852f56-843e-4256-9225-f7cf5a292739,Grupo Marketing 006,4,8072
5577e8a7-2657-4430-9f1f-d0f5a82c4079,Grupo Tecnología 025,1,7692
fbede5d8-0def-4724-bf93-ea310d38b0df,Grupo Producto 007,7,7949
1a5b9406-6046-4371-8687-3167bb16f625,Grupo Tecnología 026,1,7119
11a72847-5947-4e40-9f72-57b364432cf1,Grupo Soporte 009,8,5705
1ac56de8-62d6-4ea7-bb6e-8654941b543e,Grupo Legal 003,6,4350
7f12e1da-e46d-4677-b4f8-87b4689335c9,Grupo Tecnología 027,1,7124
e8006f99-18a5-4f92-ae6a-05c9deb25b20,Grupo Tecnología 028,1,7006
16614547-d978-4089-b6d1-446671fb0c85,Grupo Producto 008,7,4294
be9c093d-e49b-49b5-a019-55b30bc548e6,Grupo Operaciones 010,5,8746
3d2d83a1-3f5b-4551-87ca-ac763e10fff9,Grupo Operaciones 011,5,336
c0d81e91-539c-4421-9b3f-02464a6828d7,Grupo Legal 004,6,3506
3a76f2f2-8d90-44bd-a06c-ff1381a4dd8f,Grupo Tecnología 029,1,822
f7566239-7cc5-4ed7-b468-d9c1e0dcb03a,Grupo Recursos Humanos 008,2,8237
7092eeb5-6f68-4afa-8da0-5cfcecf77f18,Grupo Tecnología 030,1,963
a4d94121-919b-4c0d-b3b2-824d9d4229a8,Grupo Producto 009,7,1971
46d1de6c-4eec-4dd0-8d59-812aeed00b3b,Grupo Operaciones 012,5,362
c4c01356-33d2-4a20-8f8f-fd0036f5db8f,Grupo Recursos Humanos 009,2,3501
da4ab4f5-30dc-4b5c-89cb-5723c47b41b4,Grupo Tecnología 031,1,6915
6e513888-848e-4748-80c0-1120273e5469,Grupo Recursos Humanos 010,2,6402
dee2885e-3366-41a3-a295-cbdadd37d30c,Grupo Recursos Humanos 011,2,5851
3c2434b4-a983-4414-b29a-c75ef316c86f,Grupo Operaciones 013,5,5242
3fd8ea4d-05f3-4072-ad59-8feb837b6808,Grupo Operaciones 014,5,5926
b37765e3-a4eb-4e0c-ac32-8ccca47db73e,Grupo Producto 010,7,3387
7ccdd01f-5613-4719-bfd4-db126fba0bec,Grupo Finanzas 005,3,4197
92b94774-fe61-4d8f-a682-c06d59778399,Grupo Tecnología 032,1,6940
8ebf54b0-d812-4400-9b7d-4dc9584e4287,Grupo Operaciones 015,5,2874
aadffd7f-ccd3-4cb5-8318-1350be212b24,Grupo Legal 005,6,1509
92233bee-d339-4550-a760-7f9787acd1f2,Grupo Marketing 007,4,1800
0b76b46c-b27f-4ac6-92ae-cce8e939ead8,Grupo Legal 006,6,3532
42b41d36-7d5b-4cb8-8fb9-21d22cf1121b,Grupo Marketing 008,4,378
737feb98-aa46-432d-a601-2fc2b75bca08,Grupo Marketing 009,4,3070
3510c17e-22c8-466d-abad-7393d418eaa3,Grupo Finanzas 006,3,9819
393209cd-75e2-4ca3-aecf-2587c2c0cfdf,Grupo Tecnología 033,1,7473
7b0bf106-0706-438c-924e-724858ca4440,Grupo Tecnología 034,1,9113
56fefe01-cc08-4f96-9ec1-84b1b0b1f2c0,Grupo Tecnología 035,1,9132
ebb91599-102d-4a94-ae59-954d04e1efdf,Grupo Operaciones 016,5,7997
42f0800b-3fa9-4e08-b500-868f01e59e0c,Grupo Recursos Humanos 012,2,3267
ebd1a38e-69cf-4c6d-ac2c-1520e8f14a73,Grupo Marketing 010,4,6732
17f955a7-7968-4a7c-9b57-9c4c7c78eec5,Grupo Soporte 010,8,5821
44b7a686-2f66-478b-948a-f1505940b930,Grupo Tecnología 036,1,4855
3d75098c-5fd2-4308-8e93-db7234dd7475,Grupo Finanzas 007,3,5561
1095dcd4-198d-442e-a5a3-f7b306f541cf,Grupo Legal 007,6,9485
f56f546b-ed29-4ae5-89a7-404efe0dd7f2,Grupo Tecnología 037,1,6763
c68fb714-5ccf-4a4e-a742-5a1b2ed69630,Grupo Tecnología 038,1,1471
4a0841fd-ea5e-476f-98a6-fe5ffcd53249,Grupo Tecnología 039,1,2243
c3189a04-5f1e-45aa-8273-c173c4b65e3c,Grupo Tecnología 040,1,1372
f44c8f42-91cc-426e-b7b7-6e7212f1a456,Grupo Soporte 011,8,5228
1272e90e-b6b8-4ad9-bac7-21dc052db2c0,Grupo Producto 011,7,2522
00317c41-5e9a-4e28-a273-52ee807c2cec,Grupo Operaciones 017,5,4862
a1373f41-7070-4c48-b46f-371538ca1d66,Grupo Producto 012,7,3899
8dbdaf14-59a7-4a47-9a37-46cef3cef4b8,Grupo Producto 013,7,3611
44e7f52d-0177-4251-95ee-dd8e9f041015,Grupo Tecnología 041,1,822
10f0511d-c7ed-478e-9f84-27388b9f27bf,Grupo Producto 014,7,2491
a76c84db-5dd6-4c91-93af-fd722f2de487,Grupo Marketing 011,4,6576
51aff3d0-4efd-42b7-8db8-1f9b36ba90d6,Grupo Producto 015,7,4591
85102daa-e00d-4f3e-b5fc-6f431b00e8f6,Grupo Producto 016,7,4036
d7c73a75-e7d4-474b-bcd5-412adf7fad47,Grupo Recursos Humanos 013,2,1903
fcd5a271-c5bd-48d9-9ef2-92783f695551,Grupo Tecnología 042,1,4177
3942bd02-10ca-489e-ad33-a63c3fa1fe4e,Grupo Tecnología 043,1,5473
f136c792-2b98-4129-8c69-3a9ebbaecd8a,Grupo Finanzas 008,3,4968
34833aaa-ccee-4131-ba07-ca9f2fb89e55,Grupo Producto 017,7,3611
514493fd-95e5-4d6f-b9fe-083150aef3ef,Grupo Producto 018,7,5948
0f2778d8-1570-4afb-b7f1-b1d9eb24b346,Grupo Tecnología 044,1,3513
f4592e1d-d804-4949-bd63-deefc0feec89,Grupo Marketing 012,4,9076
55d7ed64-f3b0-4efd-9c52-6e521c2cc977,Grupo Finanzas 009,3,5305
7600acb2-2b01-4fb2-a53e-b9541571a4c1,Grupo Tecnología 045,1,1130
f41c7bf3-2f7b-4c82-a4d5-e3ddc23a5d06,Grupo Tecnología 046,1,139
a4beafd5-d931-4124-a5c0-ff3d1c3e48f3,Grupo Recursos Humanos 014,2,490
8d3eb714-d441-40d7-8537-906fecf827db,Grupo Soporte 012,8,4496
3917c2db-ef30-47dd-8dff-bc3e20dfcda2,Grupo Recursos Humanos 015,2,1402
b44fff48-d6ae-4e0b-90c7-4d2bf9ab0e36,Grupo Marketing 013,4,9559
09e81c46-c7c6-4cd7-84ae-877868ef7745,Grupo Operaciones 018,5,4711
e379fca6-d127-4ec1-9e11-984697382c85,Grupo Recursos Humanos 016,2,3942
4a44f195-af65-4cf6-9ee4-c09261e6da18,Grupo Soporte 013,8,5425
f39ea27f-66ac-44aa-a2c6-f2fe9b9c4c08,Grupo Soporte 014,8,6318
9971dee0-92b4-4ab6-948d-5025ccf9a3e8,Grupo Tecnología 047,1,8480
90473603-1ad3-4b57-ba12-e93738b48507,Grupo Marketing 014,4,6404
5896354d-a592-41c8-9d2b-bef863fcd816,Grupo Recursos Humanos 017,2,3351
1f747901-e58f-483b-93e8-77807b3f5b64,Grupo Tecnología 048,1,6032
56019e06-6cae-4dc7-963f-0d84731e7eb8,Grupo Tecnología 049,1,9045
73de353c-37a9-4c89-89a5-11c82c7e53a7,Grupo Operaciones 019,5,5874
71312eda-d58d-474b-b89b-4bfd221de6d9,Grupo Marketing 015,4,2717
1063c721-efa2-4d9f-a834-1b90fe0db11d,Grupo Tecnología 050,1,2717
cd3f6f49-41c5-43c0-9d0f-830792676e84,Grupo Tecnología 051,1,4096
1492abae-83c9-4307-99dc-7fa6a000bf9d,Grupo Soporte 015,8,3347
44f38d07-78ff-4828-910c-2674425b788d,Grupo Tecnología 052,1,9694
681813b3-1bfe-48c1-9791-3bc5f67587d9,Grupo Tecnología 053,1,4776
6d11c5e1-62a9-411a-942a-f9f83b0c44ca,Grupo Marketing 016,4,1372
139411fa-52cd-4a5e-9e04-735fcf0e3a45,Grupo Soporte 016,8,2278
11656c1f-d995-49e3-85aa-cc2a17fa7d77,Grupo Tecnología 054,1,7002
702d008d-0d34-40bb-a6e3-046ac1197941,Grupo Operaciones 020,5,9003
70265769-21aa-4cdd-aca9-3c3927f36f52,Grupo Legal 008,6,1927
3c45b070-1831-431f-ac9a-dc18af6d1750,Grupo Tecnología 055,1,2368
dfb4fae3-0a3a-4385-bd33-f5139fca9ef3,Grupo Operaciones 021,5,417
b7139a47-c235-4739-a747-982d43509d90,Grupo Recursos Humanos 018,2,2454
e3436148-a5ea-463d-83b0-b544723f516c,Grupo Operaciones 022,5,10000
aec92faf-b58a-438a-aba7-f5eb2a97b156,Grupo Operaciones 023,5,8305
f0327c48-4184-47aa-90b8-768063ebb598,Grupo Marketing 017,4,9117
f7a1b189-1ea7-407b-b440-b0db475e636e,Grupo Tecnología 056,1,612
3d6ca132-0356-408f-8c5b-c6c7fd713e84,Grupo Producto 019,7,4925
18cf3ffd-bbab-4eed-a15a-6ad4b97183f9,Grupo Recursos Humanos 019,2,6515
ebdfb624-3450-4ac1-8877-2086fa7e5c94,Grupo Tecnología 057,1,6274
2f1f1343-4e45-4126-b48b-94bdb51611b0,Grupo Tecnología 058,1,1471
8ba84408-1f42-461e-9a71-230822c7e437,Grupo Operaciones 024,5,1022
0bae6784-5764-4394-a23c-d6df1f680853,Grupo Operaciones 025,5,5168
cce7ef78-5bf4-40b4-a037-84e840d1a674,Grupo Tecnología 059,1,912
04c133bc-b2e5-47be-b908-95cb2a5ef25a,Grupo Marketing 018,4,9632
af983715-28f1-4538-9fa5-b14640600df4,Grupo Tecnología 060,1,3814
3486bd36-c81c-472c-9079-0022ce094c62,Grupo Operaciones 026,5,8762
37be3757-fa8a-4d79-a827-9b300221c118,Grupo Tecnología 061,1,3405
fd8d3cb5-2bf1-4ce6-97ed-3947677b6075,Grupo Operaciones 027,5,7692
e4cf4e74-2b1d-4939-a428-70c44dbac1c6,Grupo Finanzas 010,3,935
a63569a6-bd11-4308-8321-f3a9d5717388,Grupo Soporte 017,8,4454
f0336b12-e57b-48f8-ad61-1b4a6fcf3b18,Grupo Tecnología 062,1,4454
5c617075-daf7-4475-a52a-43f4fc50f1ac,Grupo Recursos Humanos 020,2,999
f6f10e1c-a345-43b5-8e15-f286de00333d,Grupo Tecnología 063,1,822
5d9d9809-684e-4001-b300-c63a0a11bf61,Grupo Soporte 018,8,3936
015daa49-40ce-4b4f-893b-6cfa8658f191,Grupo Producto 020,7,6064
89a5a2af-5c41-48f4-a621-72f909e944c8,Grupo Tecnología 064,1,3936
67bc0600-448d-4684-82a8-0ed6fb36ed5a,Grupo Operaciones 028,5,2243
ac079d0a-e5d1-42b4-92e4-44b6c1dbddec,Grupo Producto 021,7,2491
d9faf8e2-9f91-4cb6-b1e2-6fd9411d9450,Grupo Marketing 019,4,539
c38077c2-8c5d-44db-b303-bc3b67360e6f,Grupo Marketing 020,4,8772
898e31c3-45da-4a11-86f2-a3110c1804de,Grupo Tecnología 065,1,963
0fc8939a-6def-488a-89b6-785f2106095b,Grupo Tecnología 066,1,9618
616a804d-1fca-478a-84fa-0c60e5a1380c,Grupo Producto 022,7,2717
4ff28338-d2d7-433a-b8a1-677cc15ebe0b,Grupo Soporte 019,8,4803
fc85947b-d5d9-4140-95cc-1c7720dce255,Grupo Operaciones 029,5,2508
6d7b4211-e5c0-4d2d-8c1d-61c46c76e4eb,Grupo Recursos Humanos 021,2,9113
0686e3eb-fb22-4e4d-8b63-4eb34d145d65,Grupo Recursos Humanos 022,2,3611
03ed509e-bae7-4871-a8cc-8d3abe6170da,Grupo Operaciones 030,5,5017
c974aeb6-e98b-41aa-86d7-a8d1c843663c,Grupo Producto 023,7,1887
81512786-a4bb-45a2-a2a4-143d34f646ae,Grupo Producto 024,7,4398
63509a91-96fc-48d6-aacf-751501860150,Grupo Legal 009,6,2747
446e57ef-6a23-4e66-9128-f42e076f6d5c,Grupo Operaciones 031,5,7428
832d891b-6bff-46b5-b9c2-4cd7073611d1,Grupo Tecnología 067,1,3968
ff10115a-e53e-4516-9d91-b2e8611c4aed,Grupo Tecnología 068,1,2752
9660636f-aa93-4b03-8147-bf82e8f7c868,Grupo Producto 025,7,8171
a3ed9709-4fbe-4a3a-a4fb-e1f7fed711e8,Grupo Operaciones 032,5,7757
833a3efe-6403-4330-9a0e-f6ed094407b4,Grupo Tecnología 069,1,7692
da6b5d11-e3a3-4c21-8c22-3ff13b27ec12,Grupo Tecnología 070,1,459
bae9f22e-0066-42fa-bc47-bba15f01157b,Grupo Operaciones 033,5,9376
1baa469e-0af0-408f-bc6d-bdf54d75cdf3,Grupo Tecnología 071,1,4856
bd1af2af-39bb-454f-a4be-b894801f9aa2,Grupo Tecnología 072,1,7627
07a9b31e-ca7e-4bad-ae77-77299eefc405,Grupo Marketing 021,4,5208
81a405dc-6465-4e27-a401-bd007f133dbf,Grupo Operaciones 034,5,4928
7e55964d-f6f2-4aee-8877-750d0340414c,Grupo Operaciones 035,5,9460
38e1f4c4-c250-4600-970b-00f99fc7f1f7,Grupo Tecnología 073,1,2508
ce31a9c9-832d-4723-a18b-a2f9792d53a2,Grupo Operaciones 036,5,1887
d893722a-cd73-4ae3-b26d-d4f84daf1cd3,Grupo Tecnología 074,1,7327
96e26615-88d9-4020-8720-c7b0c9ffc1e6,Grupo Recursos Humanos 023,2,4333
f20968a1-876b-4c61-bb81-5e4dc3b6aeaa,Grupo Legal 010,6,2146
31c2fa58-e929-4ff7-83b7-7ec565da225a,Grupo Operaciones 037,5,8731
18c8080d-cee3-4285-840d-45898baa27c6,Grupo Producto 026,7,9003
7f1b8d14-ee86-49e5-9593-cd68c87c97c3,Grupo Operaciones 038,5,8129
a23de83b-cec0-4330-abd0-36c26d6275d5,Grupo Marketing 022,4,1781
827f0cea-9198-4299-a88a-7c312388c748,Grupo Tecnología 075,1,3452
19246b98-911f-4662-b95c-148c60299012,Grupo Recursos Humanos 024,2,2101
f8319a93-db76-4e5a-b8be-4b502e1685a5,Grupo Tecnología 076,1,6478
0de2d732-01fe-45e3-994f-c71a06a02ffc,Grupo Tecnología 077,1,1543
7f650b54-75cc-4101-991f-d4af2151563d,Grupo Soporte 020,8,8353
84bc396b-eda8-4472-aefb-c32cad6c42e8,Grupo Finanzas 011,3,7136
edda0ccf-8253-433e-a4d3-2b56e3b949a1,Grupo Producto 027,7,2740
69f50095-de38-4c91-9130-c3db5d78f430,Grupo Operaciones 039,5,5696
b9906c60-24bb-424a-b5e8-7f1c0871653f,Grupo Producto 028,7,4736
6186acae-823f-4646-8c56-812270671d2a,Grupo Marketing 023,4,8822
16b74a84-4ca3-4c01-a0a5-67b5c656611b,Grupo Marketing 024,4,1755
7309e400-cac1-46f4-b158-a288d60c78cc,Grupo Marketing 025,4,3844
61998697-d608-4762-b0cd-37b4a9fa4bb1,Grupo Tecnología 078,1,2133
da51f4a1-0722-43c6-bf86-d3d3533a815f,Grupo Operaciones 040,5,5116
ba28d23e-98de-4dca-a7dc-10b5950f0ebb,Grupo Tecnología 079,1,2085
a5ae3cfa-7755-4dbe-99cc-dea72393344b,Grupo Tecnología 080,1,7152
46c434df-b1a6-423d-b205-5575ad24c27f,Grupo Operaciones 041,5,6927
1e02e925-2850-4183-8084-d624ba65a97b,Grupo Tecnología 081,1,618
7afa1fde-ab31-41d3-9a20-f1dcfd52a492,Grupo Soporte 021,8,47
f0cb6aa9-e6ee-4f41-a24e-d91731a4156c,Grupo Soporte 022,8,877
e0c31a00-541b-465b-afaf-27525e97765e,Grupo Soporte 023,8,7757
fde36914-23ca-4d51-ba59-43a56d6288b1,Grupo Recursos Humanos 025,2,6969
27b2cd77-2525-4a53-b6ce-7a56727584b4,Grupo Tecnología 082,1,8076
38231c39-2f87-4328-8a86-fe41e7d4688d,Grupo Soporte 024,8,7297
ddab02aa-b8f7-47b4-8416-f870a3466077,Grupo Finanzas 012,3,198
67e74dc7-a478-45ea-95de-cc2c785b9f3a,Grupo Soporte 025,8,2736
ea0912df-5e78-4be9-90a5-9daa5b8c3e1f,Grupo Soporte 026,8,3298
748d10d1-e553-4dc7-b688-b4c05a583839,Grupo Producto 029,7,3664
6c041236-5ce5-4432-a65a-e502bc252fd6,Grupo Tecnología 083,1,84
e8d9a463-a672-4ee5-b8ef-d2868643ef9c,Grupo Finanzas 013,3,1209
5a957fd3-fbf5-4f50-a819-43969fa26421,Grupo Producto 030,7,1556
56586c45-b141-4ff9-92cd-cd3328b697bb,Grupo Recursos Humanos 026,2,8010
19f0747a-d208-4b7b-9ff5-aa2e84808168,Grupo Tecnología 084,1,2416
f5615240-f88b-4c82-8f97-b810d824834e,Grupo Marketing 026,4,5224
e8ec088e-1d20-40de-b88a-7858b3a805a9,Grupo Soporte 027,8,1827
f5de0d8e-5be0-4f7f-9df3-4ecaa311bd1c,Grupo Operaciones 042,5,3154
f8720a98-7921-4807-92bd-4c3e3035270c,Grupo Marketing 027,4,8213
6159f5c4-29b6-4607-8a4a-fc51f9b9436e,Grupo Tecnología 085,1,4772
5b2917cf-91a9-4555-b7e9-7a244190e0a9,Grupo Operaciones 043,5,1337
c7b9190a-f398-4b23-a751-c30e9f9e76bd,Grupo Soporte 028,8,5002
545e16f3-a249-4851-b896-39fd4429db40,Grupo Tecnología 086,1,1539
a5210c2e-8d07-4ff6-a902-202a036781bc,Grupo Marketing 028,4,1867
f603a6be-fc09-4225-be4e-50d030f8d9e0,Grupo Producto 031,7,924
e2b69113-456b-4c2f-b823-d101599711a8,Grupo Legal 011,6,5116
7fd7e9a9-0855-4d9f-bced-39b0e4531506,Grupo Operaciones 044,5,8460
19a08133-e95e-4f1a-9c41-762bdf92334d,Grupo Operaciones 045,5,9629
dbe52a15-99e1-437c-8a9e-ee63c94d8a0d,Grupo Recursos Humanos 027,2,3313
4c950d44-33fd-4d5e-b701-1b230775a83f,Grupo Tecnología 087,1,466
7aa9a36f-5021-4e02-a6e8-e82eb0ddf1c0,Grupo Producto 032,7,3628
c33542e3-c085-439f-a227-d78968046d90,Grupo Producto 033,7,4063
45145e86-b35a-46dd-bc17-c1dda0b1dadb,Grupo Producto 034,7,9126
27c5435f-160f-4db8-9da6-548d6fa21927,Grupo Soporte 029,8,3991
46301c93-c601-48d3-af5f-6d026501c24d,Grupo Marketing 029,4,2323
55dc95b4-310e-4c4b-9d83-0cfa44ff2222,Grupo Marketing 030,4,9910
f1a502bf-944c-4672-9513-c27d27cea07f,Grupo Producto 035,7,60
806e5b4e-b4de-4a1d-ae14-0a7d87f4abff,Grupo Operaciones 046,5,5230
1fbb5222-1e1d-49e0-88c0-ad640d748aa5,Grupo Operaciones 047,5,4527
243b05b7-bc1c-4a28-a014-fa96e8705226,Grupo Producto 036,7,1140
89aa50bd-b643-49df-89de-88eb5b61038f,Grupo Producto 037,7,5247
6f56ce05-3094-4dc2-add3-a7e4a1bd102b,Grupo Recursos Humanos 028,2,7814
7a3675d4-a54b-4a51-a98b-89676e1fe610,Grupo Recursos Humanos 029,2,9866
ae992879-cfd5-4200-b747-e7ae71bfb6ae,Grupo Tecnología 088,1,4663
6a37d994-176d-4b97-9ab9-8e3ed70f8e65,Grupo Marketing 031,4,794
c6795e4e-6e43-44ba-9485-ab0513f49077,Grupo Tecnología 089,1,6940
5533bff1-70e4-4b45-a98a-5bbae8d05317,Grupo Finanzas 014,3,3342
2c95bff2-53d3-4499-b8cc-952135c43999,Grupo Marketing 032,4,539
a7a9dc9a-9ec4-487d-a498-e25e70f58789,Grupo Tecnología 090,1,4398
25c80071-f5f5-42e3-b486-7caf2b34f990,Grupo Operaciones 048,5,2033
a1ea8a3c-1f8f-473a-8393-94833fb01eea,Grupo Tecnología 091,1,799
48e0791f-4c21-4ea6-880b-6c0b34062aad,Grupo Tecnología 092,1,1247
b07e5dfa-d7f6-4d45-b284-be13401def6a,Grupo Producto 038,7,336
bba48b45-df4d-49a9-a49d-6d17625a5767,Grupo Recursos Humanos 030,2,6697
a1d7a7b3-5c44-4852-a289-763097a8ce97,Grupo Tecnología 093,1,2416
97ab64ab-2932-4d52-abb5-bc3d1305a27d,Grupo Marketing 033,4,845
cbdb7c87-1818-48d8-8140-8bd7c7289846,Grupo Legal 012,6,3145
4db889c2-98d7-4414-92c8-1b4116a39d9b,Grupo Tecnología 094,1,4728
feced082-6b9e-4c03-bb1f-02fd1643aedf,Grupo Operaciones 049,5,388
97127c77-814d-4cf7-9274-8426474611c5,Grupo Tecnología 095,1,5116
01e6f339-3b1f-482b-81ee-a93806d9ec55,Grupo Tecnología 096,1,47
f173200c-1e30-40e4-9c30-30fef4cbfdd6,Grupo Marketing 034,4,6294
79fc5ed8-0659-44b5-996c-f841494eb5cb,Grupo Marketing 035,4,6291
cabbd2ca-c804-46fa-ab45-bc81bf7c2dbc,Grupo Operaciones 050,5,6294
da152a97-b858-48d7-bb28-db4bd0f213ed,Grupo Operaciones 051,5,4855
a4206bdf-1974-48fb-acb5-e3bf315ecc5f,Grupo Soporte 030,8,7989
086c8656-71a9-4996-901b-b2e15e4ac6bd,Grupo Marketing 036,4,7875
524a71bc-4f2a-47fc-9132-cbaae6b96c1e,Grupo Recursos Humanos 031,2,3362
bfae17f7-11fe-451a-b2ad-3fe936a865ce,Grupo Producto 039,7,5735
f04b25ef-8874-46af-93f1-c3702b023add,Grupo Tecnología 097,1,4533
8205428f-179d-4ebf-98a5-9260dcd66386,Grupo Finanzas 015,3,5228
12471468-98c6-4dc3-9fff-bb5203e020cb,Grupo Tecnología 098,1,6493
e52d9b3b-ba5c-43f9-8166-044ac8d2c890,Grupo Tecnología 099,1,4230
6b99264e-ef95-47a0-9adc-8eb6817341b8,Grupo Soporte 031,8,822
c45ea5c3-23ec-4eaf-9e99-3b0971bffb7b,Grupo Producto 040,7,5832
71d7f1d3-64bc-4eb2-bcce-6ef5334f21c2,Grupo Operaciones 052,5,8773
b212908c-a5e1-4067-902c-813e1d06e912,Grupo Finanzas 016,3,9799
a86e62ba-e0ca-49fb-873a-e957b0de469e,Grupo Tecnología 100,1,3070
b1c8be73-6d1c-4424-9e57-783df35bf2b0,Grupo Tecnología 101,1,1140
c639c146-d55d-4cab-8fad-f9bb9b2281e1,Grupo Tecnología 102,1,1627
b1ad7a0d-b6b1-4fab-ab84-b47cf0413147,Grupo Marketing 037,4,8024
44b4447e-5d6c-4c15-9c42-390d71fa5e0e,Grupo Operaciones 053,5,1539
d6d5b0cd-462d-4878-9ad7-ac46cabcb106,Grupo Operaciones 054,5,7888
2fa739aa-ba6d-4cce-b659-c78b9e3877b7,Grupo Tecnología 103,1,7435
75e5ee16-c7e0-45c3-8007-8981a1df19ba,Grupo Soporte 032,8,5131
2367e9b1-4965-4331-b184-e5c93ec76afb,Grupo Legal 013,6,786
f07c0cd7-0c33-4e49-a519-f6231f57f59c,Grupo Marketing 038,4,3343
cec0e629-76f6-4086-90cb-1dec6078e885,Grupo Operaciones 055,5,8383
8784aef1-7b6b-48fa-96d1-4aae8e26c2dd,Grupo Finanzas 017,3,6173
23d2822d-7e9e-41d5-8fd2-6638671c26e6,Grupo Tecnología 104,1,89
8515677b-844e-4b3c-822b-f81f8ea8cbb2,Grupo Recursos Humanos 032,2,4757
16fa90c2-e850-460a-8109-c3e2b02f247f,Grupo Legal 014,6,10
0ffb67eb-e783-4021-ba0f-8ab1f20b5110,Grupo Tecnología 105,1,3187
d389f11b-e81b-46d2-92a0-4cc90082d642,Grupo Tecnología 106,1,539
f4057c8d-797c-44e8-b8da-3c71f89ffbc7,Grupo Tecnología 107,1,9486
837a85d1-f212-4a29-9a1b-410036de4d8b,Grupo Tecnología 108,1,13
676c7c5a-3967-4b74-83a0-b3ab6bd51c68,Grupo Producto 041,7,6443
66b4e5ab-a672-4542-89a3-d674ea31f8ce,Grupo Operaciones 056,5,4338
7784de14-800b-4069-9e4a-5b7fb8c481a4,Grupo Finanzas 018,3,5797
74b0188d-7c06-4ed5-8d61-e9f8eee964f7,Grupo Tecnología 109,1,5121
42be73d8-b80a-4c4e-b15e-4979766166e1,Grupo Marketing 039,4,7136
1f1eb2c0-a5f0-47fe-bc85-3ae877228cd8,Grupo Finanzas 019,3,2375
c7d85aa7-94cf-4e01-b293-015f36b1204d,Grupo Tecnología 110,1,2717
1b2a2677-b1f9-4072-9f68-024756a70f8b,Grupo Finanzas 020,3,9315
aaf796d4-3b2e-438b-b6ed-95b1b2566bf7,Grupo Finanzas 021,3,1706
ad222d9c-dce2-456e-a899-10d3a0b4f15a,Grupo Operaciones 057,5,2989
0296d968-4f2b-4946-a3fc-fd4876bc1c57,Grupo Operaciones 058,5,234
6f7fe15c-f6f0-40c1-8e22-1145e1281cde,Grupo Tecnología 111,1,3635
13c5cb4a-399e-48b0-9550-7a093aac501d,Grupo Recursos Humanos 033,2,6194
72317ebc-8cb4-4b74-a9b6-a436e46f83a2,Grupo Operaciones 059,5,2301
b27aa436-7e5e-43ed-8781-3f3b24f88db5,Grupo Marketing 040,4,5389
97beb877-7ca3-449f-b89f-9151c9fae585,Grupo Producto 042,7,4096
2339bfbd-65d9-48bb-8429-376c16ec4059,Grupo Operaciones 060,5,9533
2a01f5e8-7bb8-4a55-b882-8f4762db3e1b,Grupo Tecnología 112,1,742
515caa6b-8780-4ae6-a636-2c6f64d4079d,Grupo Tecnología 113,1,3298
227fccc4-e4a6-4b3d-8a42-c2decacb1242,Grupo Operaciones 061,5,1037
c30f923c-ea21-448c-9850-dda717493b6e,Grupo Tecnología 114,1,3448
cd4e1e94-944e-4de4-bafd-1ace6cba6dec,Grupo Operaciones 062,5,2989
fb132027-ab6a-4acf-8b7f-fc5262a1943c,Grupo Soporte 033,8,453
9b298069-4539-4245-a0bd-225c91e32684,Grupo Marketing 041,4,9587
481ef552-ce44-42ea-8a49-cf27d3310cf9,Grupo Finanzas 022,3,5702
9811a79c-94a7-4865-9e8d-49013d17ec6d,Grupo Operaciones 063,5,799
6f2217f6-5d2d-4873-9aa2-4591fedd9bd2,Grupo Finanzas 023,3,2234
6a76af7c-07f0-4838-8445-93bfa80a671d,Grupo Marketing 042,4,490
6770aec1-60b0-4e3a-bc93-7add88451e64,Grupo Soporte 034,8,7297
75c4ed7a-3b7c-44ad-a2ca-717210887f37,Grupo Finanzas 024,3,8174
95bdd85c-7fe7-4789-9add-a4dd8cdc7d0a,Grupo Soporte 035,8,798
72a3d0b9-6600-47e4-8555-704caecc276e,Grupo Soporte 036,8,3698
990a71f8-baed-4e90-83c8-3e20d56f1b67,Grupo Tecnología 115,1,1287
c473e0a6-1495-4b4f-b939-d1b29b3c4c88,Grupo Tecnología 116,1,8174
2e51838d-4a31-4749-be88-03f21500f20a,Grupo Tecnología 117,1,2146
51ba78bf-ff5d-4d29-b13b-b98e0de34ceb,Grupo Tecnología 118,1,807
b72ca3d8-a02e-4831-abab-185f139bc43a,Grupo Tecnología 119,1,9168
97ecdf09-0982-4ee7-9f00-edbf953a9058,Grupo Operaciones 064,5,8056
f464c375-2cd7-49fc-af2e-edc9733a1bb2,Grupo Tecnología 120,1,3452
5b9dc848-08d7-43bf-85dd-73416d8f603f,Grupo Recursos Humanos 034,2,7423
1c190a3b-ce96-4c70-9a2c-dd0ae436bdbe,Grupo Producto 043,7,6596
85b600da-7440-4d23-bf1a-c07d860ff8c1,Grupo Tecnología 121,1,4230
ecba93ee-2788-4bf1-8b03-05a65d2c4046,Grupo Producto 044,7,2278
1953d594-1b2a-4368-86f3-0ca8735e9b24,Grupo Tecnología 122,1,9503
8c2fdfbd-060d-40e6-9aa8-b29e2b40ddc3,Grupo Tecnología 123,1,5851
df8e3981-a56b-439d-acda-a0dd18e58a96,Grupo Operaciones 065,5,7043
dd39ca2d-ae11-481a-a1d2-82ed215bf4d5,Grupo Operaciones 066,5,3405
5f64db75-1e01-498a-a059-2a01a996f8d4,Grupo Producto 045,7,4230
58cf7b4a-5716-41bd-891b-8b38f4ae5696,Grupo Legal 015,6,7107
78fdc020-5cdc-4245-b26f-a50c84407167,Grupo Producto 046,7,5806
332da135-8dbc-43b3-81a0-a237f91807cc,Grupo Tecnología 124,1,1047
5e21e87c-83ff-472c-ac86-5f3c5517178d,Grupo Tecnología 125,1,3411
eb102741-d392-4c69-8fb6-613eb862a473,Grupo Legal 016,6,7562
410746f7-9a25-49d9-8aac-9d03ba2764c2,Grupo Producto 047,7,5103
d2bac8b4-64e5-4278-8f7b-1acaea07a3bc,Grupo Soporte 037,8,2612
e3616741-ba60-46d2-ac3c-dbe77b4adee4,Grupo Finanzas 025,3,3050
c9b9edbf-38c8-4798-a31b-013eba809662,Grupo Recursos Humanos 035,2,898
81acd25e-403c-4b2a-a035-ad09cfc8711f,Grupo Legal 017,6,8171
592ab528-25ff-48d7-af1f-68f982e2da3f,Grupo Recursos Humanos 036,2,5002
455abca2-f822-46cc-83a1-3def40ecbc05,Grupo Soporte 038,8,8023
bcc0d60b-3dbc-4d36-89b4-59b87c00529b,Grupo Producto 048,7,4757
aabd2caa-0234-4e07-be52-be959e099c57,Grupo Finanzas 026,3,4002
d8e3cc22-ff92-46c3-9b81-91c13fca1d7d,Grupo Legal 018,6,3968
8c66002c-7cc7-49c8-b765-1061c09ed110,Grupo Legal 019,6,13
a74d641e-6fce-4f14-bcb8-e95f90716427,Grupo Tecnología 126,1,2368
d3a27eec-bd7d-404a-86c8-b5868b5bc18a,Grupo Soporte 039,8,3143
f9d89a78-e212-4f8e-a3ce-77084d09755c,Grupo Marketing 043,4,9240
5cbf247f-8c88-4940-9d8e-390f35513ade,Grupo Producto 049,7,4457
08929755-0ea8-48de-a718-43da7587df9a,Grupo Recursos Humanos 037,2,1602
48f4acd5-b6fe-46e1-9f61-8ec8ae21d6a4,Grupo Producto 050,7,4643
47f07639-cdae-41dc-9341-2e7eb4509f5d,Grupo Finanzas 027,3,5336
b391180c-7c0c-4736-baf9-7a7efaca8b0f,Grupo Tecnología 127,1,5468
b58005d9-4282-4a0a-9cf7-36e021ca3364,Grupo Soporte 040,8,4925
0f60fd53-f517-41ed-91c2-d82b6640de80,Grupo Tecnología 128,1,9618
a9ddc9a2-9947-40e9-adf8-2a45ac926424,Grupo Recursos Humanos 038,2,239
6973a9bb-6c90-4875-92d1-1114e09a581f,Grupo Soporte 041,8,5239
7569d966-aa05-4972-a179-e2cb7b523a5f,Grupo Soporte 042,8,5224
02504327-128a-40bc-b98a-89a4848f9d37,Grupo Marketing 044,4,3050
6ec94731-c2d4-4467-aa06-b7153e794b51,Grupo Operaciones 067,5,9757
04f63782-1829-4510-85b4-17c44ed610d4,Grupo Finanzas 028,3,6714
ce8e0742-684c-4853-9aeb-9576d7cba6b2,Grupo Tecnología 129,1,7780
a2f1d6f2-9157-4578-9013-6fbae368566e,Grupo Recursos Humanos 039,2,8878
d608ea63-cd7f-4ef9-b745-b449f0d44877,Grupo Operaciones 068,5,2601
0ceb43ed-0990-4146-9cac-e5a6f6e1e999,Grupo Legal 020,6,1237
88bc269e-5abc-4c38-9a9f-4c74e6f206d2,Grupo Producto 051,7,1677
7b8a4bdb-65a1-465a-a835-a382b8dd5729,Grupo Producto 052,7,6703
862bec64-7131-4f11-8433-95537296b1f7,Grupo Tecnología 130,1,721
9cde1cb0-e187-43a9-bb4b-2237f4d6d077,Grupo Marketing 045,4,2301
85767197-889d-47c0-9c1a-feb9326ba7e8,Grupo Tecnología 131,1,8844
8dcab02f-3324-4be7-8290-fb39e737a1bb,Grupo Marketing 046,4,7780
ec92b607-eeb0-46dd-a3dd-14c683589f9a,Grupo Finanzas 029,3,8480
6fc52baa-b34a-41a5-a176-5467e50fd6c2,Grupo Producto 053,7,8680
a61b2f86-6ced-4e85-8383-a67aba4f14d2,Grupo Recursos Humanos 040,2,235
1634cf18-2dc8-472b-b991-efb84109fcc1,Grupo Tecnología 132,1,9503
b8dafb5e-dfcb-432d-8908-7d6e59ee75ec,Grupo Tecnología 133,1,2496
f8a277fe-f598-474d-912f-0043695dba4c,Grupo Legal 021,6,8680
6b0b4598-4f28-4039-b696-504fe6fa49a3,Grupo Operaciones 069,5,7627
7092246a-9a6a-46ee-aebb-3562ccf48421,Grupo Tecnología 134,1,198
3dd07b8a-8974-458f-9483-ca8bf159e1a1,Grupo Tecnología 135,1,8099
f1a25150-6afa-4c6b-a126-f59f86519381,Grupo Operaciones 070,5,7949
be180e8d-cb64-4a7f-950c-ed2ae5768191,Grupo Tecnología 136,1,9629
bc643553-4093-4377-846a-d57a23209c93,Grupo Producto 054,7,4821
dce4f5e1-3dc7-43bc-9411-459375c87568,Grupo Operaciones 071,5,2752
70f9b4bb-7cea-4a6e-bdc2-7cf34b4d7293,Grupo Tecnología 137,1,333
ad0560e5-11f2-4578-a0be-d88ef4cabbe4,Grupo Tecnología 138,1,4855
2aa8e2f6-0cc7-4c43-a71d-b36e17903ea0,Grupo Soporte 043,8,9503
db89025f-7420-41c2-ac81-d9b00e9048e6,Grupo Recursos Humanos 041,2,4398
433de988-27f0-4bc3-bf44-171383ae8b99,Grupo Recursos Humanos 042,2,3581
603a3635-fcfe-40a9-bb95-54ca0bb9c652,Grupo Producto 055,7,5305
bbbd8dd8-3445-491d-9082-60b187ade930,Grupo Soporte 044,8,822
9d42f675-95e4-445b-9055-973f1dbffb2f,Grupo Soporte 045,8,8551
e981cdbc-22c8-440a-99f4-a7ce4495347a,Grupo Legal 022,6,6697
e97f71d5-1b5c-471b-a311-71963e343bbd,Grupo Recursos Humanos 043,2,333
e012b819-2097-42e6-a49b-243c985a8967,Grupo Tecnología 139,1,8731
665f9cef-85f8-4b18-bfb2-6d4fb1099b47,Grupo Legal 023,6,4591
75d0ccb3-19b1-44bd-9613-0db56690265e,Grupo Marketing 047,4,6576
0fd8c614-1d45-4a46-a78b-6d96136e58ed,Grupo Finanzas 030,3,5525
f3312403-26f9-4687-b9be-48dd5883b2fd,Grupo Soporte 046,8,2491
6ad76869-b58a-411b-bc9d-e83f69fcad76,Grupo Tecnología 140,1,2454
7afbfd47-ba02-43ec-8615-5d7f88edf1b1,Grupo Marketing 048,4,6515
fcf4d1d6-f16d-479e-93ab-9bca21b55897,Grupo Tecnología 141,1,9376
184c353e-5980-46a3-b948-41f95cbda9ba,Grupo Finanzas 031,3,476
af89e826-95c2-433f-b8bb-b1544144d9cf,Grupo Tecnología 142,1,3154
165774cb-f733-44c3-8920-77f101969889,Grupo Tecnología 143,1,8099
340fe7fd-f56d-48d4-a38e-755ff81fb41f,Grupo Tecnología 144,1,1015
567c613d-ddf0-4ad0-bee0-b5048e933e07,Grupo Operaciones 072,5,4746
f739cc81-cef9-4840-92e6-ca090f19fdfc,Grupo Legal 024,6,2579
5927eaff-9ce2-40e6-b9c2-499ea1797a48,Grupo Operaciones 073,5,3313
b6f0aa1d-8c1a-4a3a-a31f-ab3de176366e,Grupo Soporte 047,8,5928
fcaf77b8-e3ad-4648-82c0-76670d359fde,Grupo Recursos Humanos 044,2,7562
8ca5fcd2-cdd9-4210-8ef4-c4f63cc1bea1,Grupo Tecnología 145,1,794
05ec8f45-316d-435d-95e6-1e1630aa49c6,Grupo Producto 056,7,4732
87cbdc93-6324-4d3d-a79b-2b290af2ceb0,Grupo Tecnología 146,1,2259
2628113b-429f-4818-a393-682cb7d79250,Grupo Soporte 048,8,3874
c6759547-ba26-4eb1-8d3c-13be32d892ba,Grupo Tecnología 147,1,6587
3851c595-d65d-408f-88a4-f36c23f13757,Grupo Soporte 049,8,1960
2ca8d42f-93f0-4c43-893b-c24338e865fc,Grupo Tecnología 148,1,1214
d4f6585d-0bf7-49ea-97c5-a922292f5d6a,Grupo Producto 057,7,3698
be11f34a-93c8-4ad4-8091-3fd4f0ed81bf,Grupo Marketing 049,4,9799
99aa50f9-280e-4819-a590-df80448cbd35,Grupo Soporte 050,8,4085
5b65ac41-6b39-4ecf-bdc4-ad2a8dccf835,Grupo Tecnología 149,1,898
c6c0e5ea-4b21-4c79-9576-d5b78b554e3e,Grupo Marketing 050,4,5806
073a64e2-3a09-4b44-9e98-342dfdfb6c99,Grupo Soporte 051,8,1212
da98060f-cb87-49ef-94e7-4db4ccf4aa8e,Grupo Marketing 051,4,5874
a2219394-15f2-437d-b1c1-4cf023880676,Grupo Operaciones 074,5,5450
6ba561fe-16e7-4b2d-888e-5c9d8fcff9fe,Grupo Operaciones 075,5,5002
47d2212d-bc31-47f2-84b8-17675dc61c14,Grupo Finanzas 032,3,7246
f8d11850-595c-4f6f-b58a-e4a72ca7404c,Grupo Operaciones 076,5,2146
29068a9f-56cf-4802-9196-bc0ec7ff96e2,Grupo Operaciones 077,5,6642
403279f5-42fd-43fd-b7b3-6f9ed4fd4971,Grupo Soporte 052,8,950
6562ac1e-7db9-480b-acc5-e38fff9f21c8,Grupo Tecnología 150,1,2691
1e6b4e76-587f-4bb2-b8e2-7d15bf314a28,Grupo Tecnología 151,1,612
695b6d28-0ac1-42da-8171-85fe26c7568f,Grupo Soporte 053,8,1402
6810f7da-e84d-45d1-b52d-301814bc667c,Grupo Producto 058,7,1602
bc0fe449-5d22-49c2-b295-581bba68bea7,Grupo Finanzas 033,3,490
a681230f-fa9d-474b-9311-e5b6a6ced469,Grupo Operaciones 078,5,4294
513953ac-af02-474e-bbfb-a8596f5e2bc5,Grupo Tecnología 152,1,5383
a5cc2817-88af-47df-a981-f1bcf14e7ec9,Grupo Tecnología 153,1,4378
b9a7ae1c-87e8-4e6b-8d4b-cd38f556b65b,Grupo Finanzas 034,3,6466
b51d87a8-0430-44a4-9673-2d1731b246d5,Grupo Recursos Humanos 045,2,3452
53ab2d54-2aa8-4516-ba29-54e4a0db0488,Grupo Operaciones 079,5,454
4e1d54cf-d2ed-4ace-909d-3c7e8eb7fece,Grupo Tecnología 154,1,3385
d7644208-9733-4edd-a60b-1481b2de4973,Grupo Soporte 054,8,8356
c4360a1d-8385-4182-bd77-7e46566363df,Grupo Soporte 055,8,3932
9f620364-5dcc-44de-bb76-8686dbe9e947,Grupo Operaciones 080,5,7999
8d0c7a6d-2c47-4652-959e-d3bb87a7d839,Grupo Marketing 052,4,2084
d731e38f-1317-4122-a329-3530a0c25a6a,Grupo Recursos Humanos 046,2,5725
0d864658-5477-4b14-802c-801bb1ad8a20,Grupo Producto 059,7,9994
ad4ebf6d-8c56-4415-849c-207736cde823,Grupo Operaciones 081,5,5028
85b349dc-8cc4-4016-bdb2-062d2ccd3d20,Grupo Tecnología 155,1,7999
584a3cf2-4c65-4fb8-8153-b18bba1cbc8b,Grupo Soporte 056,8,1679
fa733d49-95a2-46d4-bb7e-d1e4bd6aedfe,Grupo Producto 060,7,4908
78caae0f-4d75-418b-8f80-cf6f55921e37,Grupo Soporte 057,8,6194
83937a16-d30a-4f0d-bed6-5cbc9509d9ac,Grupo Operaciones 082,5,9905
0216ffd5-ef4f-4aaf-8969-9574166ac61b,Grupo Operaciones 083,5,6763
6274973d-b97f-4c5e-a811-6745b7338603,Grupo Finanzas 035,3,5336
b8d63c24-25f1-4274-9482-cfe8ba1df71c,Grupo Soporte 058,8,2986
91570403-06e6-493b-b245-e6eec962d6ba,Grupo Producto 061,7,520
4871a7fa-62ad-4bf6-9eec-67700e70ee44,Grupo Tecnología 156,1,855
4183cb00-2545-48ea-8c32-2805e70068a6,Grupo Tecnología 157,1,1677
fda1af8d-6d49-4950-93d7-fe41880db176,Grupo Recursos Humanos 047,2,4921
94248ec5-067c-412d-b4b8-b5a512129fe0,Grupo Producto 062,7,47
77266e8c-f102-4d17-a0e6-5a16fedcadf8,Grupo Soporte 059,8,131
d57c826f-adf0-4409-9ced-86484809e2d9,Grupo Tecnología 158,1,6194
edc3df64-337f-4bda-b958-f8c632032ee8,Grupo Operaciones 084,5,2874
f6fa72c3-1b8e-4ddf-8713-cb0c7d2504f7,Grupo Finanzas 036,3,6501
8089687e-86dd-4708-af07-774932bc1a16,Grupo Soporte 060,8,3506
cd77a870-da2c-4963-af88-425f626c2b34,Grupo Producto 063,7,2055
98a1ca41-b082-478b-9776-4448283f29b8,Grupo Producto 064,7,3814
ab055ac7-b403-4447-9ef8-4bdd8479c907,Grupo Finanzas 037,3,3287
fe8a05e6-2b41-4e5a-ba17-d2dca8745902,Grupo Finanzas 038,3,922
6127265b-db28-46dc-ae07-ec67e8bf5600,Grupo Tecnología 159,1,9317
bb3227b1-a947-4059-8d49-f0da3ab362a4,Grupo Tecnología 160,1,3143
c6764b7c-05b9-4f22-9847-c0cb291e0b5b,Grupo Producto 065,7,6703
0d2f3d75-e190-4ac2-9b40-d30c67e863ca,Grupo Producto 066,7,7752
62cf111d-07db-4b42-8733-711139871cce,Grupo Soporte 061,8,9994
a490628b-947e-4fbd-8fc4-6ed33355b3ee,Grupo Soporte 062,8,2323
b33958bd-f09d-47a9-b54d-84601947927e,Grupo Marketing 053,4,3529
546869a9-66a9-4324-9ae8-3f021d291926,Grupo Legal 025,6,7776
f465a3fb-6d0e-4b1c-8249-82954b6de2cf,Grupo Soporte 063,8,922
f29a8d56-ffa3-4048-9f13-64e6797ede9b,Grupo Producto 067,7,3287
c8badaf0-fe1c-4f82-831f-d777bf851c62,Grupo Tecnología 161,1,5028
f69e6d15-fa5a-4e7e-bcd7-af1b84959889,Grupo Finanzas 039,3,8773
4569cb5f-92cc-43ab-9795-d3f159e04c59,Grupo Tecnología 162,1,239
c27cbee1-65a9-4813-a6ec-c6281390a791,Grupo Soporte 064,8,6397
fb64a0d5-42c0-479c-82dd-1ab156913f8a,Grupo Operaciones 085,5,4527
d6dcb88e-72fc-49b9-a12b-dcef0b7bb952,Grupo Tecnología 163,1,8286
12feeeb1-734e-452b-803e-1d5510cee3f0,Grupo Operaciones 086,5,320
e66b0744-b315-4afd-aa90-2f90d666197e,Grupo Operaciones 087,5,4719
cbaccccd-37f8-4a25-805a-bebef887bb8a,Grupo Recursos Humanos 048,2,9136
45b3d24d-7d51-4d62-a369-de6f63467e28,Grupo Tecnología 164,1,7423
b11d9dbb-536c-4e4a-9563-934e197111c9,Grupo Operaciones 088,5,7692
b8c2c295-7d58-4e7c-a503-aa74109de9d6,Grupo Marketing 054,4,6306
77773405-2ae5-47e6-a93d-86e6d1dfdba8,Grupo Legal 026,6,4645
9771625d-dca4-4282-95e5-35b0bef25c95,Grupo Marketing 055,4,8516
cb5dc7e5-7628-45b5-9229-1ccbd341ecf3,Grupo Producto 068,7,989
48377c82-32aa-4933-80f6-27201af7760f,Grupo Marketing 056,4,1558
776055c2-9d3a-443d-b505-166bc14456fa,Grupo Marketing 057,4,9888
c83367df-6f11-492f-b539-51902e95b890,Grupo Producto 069,7,7435
c9072a90-aa0e-4588-b7ed-e674416064ca,Grupo Finanzas 040,3,2375
9dbfa1eb-ea82-4b1d-a3ad-22071ec74af4,Grupo Tecnología 165,1,6682
a30d529b-d22f-40fc-a9e9-7d5bf444a371,Grupo Tecnología 166,1,6291
8dd61956-9796-42fd-aaaf-0c2784238ebb,Grupo Legal 027,6,4750
93890891-9324-4d69-a30d-fb3659c1e973,Grupo Operaciones 089,5,3611
ceaf9270-49ec-4879-80f9-f67d9aa16e9c,Grupo Operaciones 090,5,6050
1f14e50e-2c7a-4bd0-a0bf-14d66f320eb5,Grupo Tecnología 167,1,1722
9a247d90-c22e-447c-8b2d-160b52e918e2,Grupo Tecnología 168,1,6375
2d192abb-2034-4edf-bd62-f8e2627be9c3,Grupo Tecnología 169,1,4072
2e9d3453-f373-46bf-a1d3-e5c0784e4862,Grupo Recursos Humanos 049,2,9076
4b744bab-1610-4267-a05a-abaf092e1aaf,Grupo Operaciones 091,5,6166
12742879-3e58-4569-a3ae-e36e3c992b0f,Grupo Finanzas 041,3,4007
f5365cee-c812-40f3-a38d-851f9f1ded0c,Grupo Finanzas 042,3,6132
45eb97e1-32fc-4be5-a4e2-ad5c43d653ae,Grupo Soporte 065,8,682
b9b0432e-a66a-47d3-be01-0db59e4f3a97,Grupo Recursos Humanos 050,2,6682
34c3ddab-c3ab-4fc4-becd-0910314ab6e4,Grupo Marketing 058,4,9117
21f3f633-6b64-4d99-9d9e-efef74c556a3,Grupo Producto 070,7,6627
8a2bbcec-9327-4f7a-9f64-7bdf2b6ad38c,Grupo Finanzas 043,3,1447
7fca4e4d-123d-404f-accc-084a5c692b1d,Grupo Operaciones 092,5,1047
f735aaee-6aa9-4e00-8844-b74292d212a2,Grupo Producto 071,7,9728
c5fba7d8-f6a5-4a22-9802-edb10831770e,Grupo Soporte 066,8,5121
49185601-edf1-422d-a85e-71a54729fa7f,Grupo Tecnología 170,1,898
c82e1028-4ac4-4b95-a288-0962f7f5507c,Grupo Soporte 067,8,3492
984cf1e4-c915-4432-b9aa-b7c95d86cf3f,Grupo Marketing 059,4,9035
ce3895f7-53f4-4b35-9c1e-c0c6eff10e21,Grupo Tecnología 171,1,1879
6daf8545-3bac-4a7c-a6ed-6272921b2b54,Grupo Finanzas 044,3,896
c30d74d0-707f-40cc-b839-9a47c493017c,Grupo Soporte 068,8,822
6b1cfb68-8731-486d-9f53-6fe7e4e7b3d1,Grupo Marketing 060,4,3233
e29bc3d2-bfbb-4523-b154-4032fd16d76a,Grupo Recursos Humanos 051,2,8551
d818223b-ee4c-4ec0-9732-a6f972b1714b,Grupo Operaciones 093,5,8725
0e42203f-60ce-4ac6-b5e5-b2ff7c2b77be,Grupo Tecnología 172,1,6397
b5ccd4dd-db3a-4929-a5e8-235b7e0ac8f3,Grupo Tecnología 173,1,9559
2e94c1b1-beec-48ce-8ab4-e37b98bb76d1,Grupo Tecnología 174,1,2452
d4b05be6-298c-46c5-a269-1493ec9286e4,Grupo Tecnología 175,1,1261
47f6cd92-2cce-4b89-ba8a-93bfbfa01bed,Grupo Tecnología 176,1,7383
93d53d5b-47e0-4851-bb9f-c6361f67a409,Grupo Tecnología 177,1,877
e22569dc-093f-48dd-b13d-de951b9d6a34,Grupo Operaciones 094,5,3814
f3c5760e-37d7-47cc-8629-70632f8c78e7,Grupo Tecnología 178,1,147
e9aad6de-fd4e-4e83-a30a-02440d4738b7,Grupo Recursos Humanos 052,2,612
9249f48a-ff88-40d1-b2a6-36ade441e324,Grupo Producto 072,7,89
f8c294d8-d4cd-4740-a339-7891b6da87a4,Grupo Finanzas 045,3,6601
777118e9-7721-4a48-83ff-3eaa96bfecc4,Grupo Operaciones 095,5,3187
452e987d-1cb9-4373-b99d-1aa8fa4bbeed,Grupo Tecnología 179,1,6891
2686f6c0-5f21-45f9-8591-24b9396ef1c0,Grupo Tecnología 180,1,6166
085aa250-ccf6-4746-a1cf-0b98be00d819,Grupo Tecnología 181,1,2328
4b801a8a-fe38-4925-a255-614d3c51f13a,Grupo Tecnología 182,1,3991
011d93b1-98e3-4a9a-8e51-734d834da88f,Grupo Tecnología 183,1,989
c2cb2de0-f89e-4a56-8723-9c65a6a495aa,Grupo Tecnología 184,1,7085
ad193c63-a898-4de4-acc8-c95636c6e277,Grupo Tecnología 185,1,663
8c48c81c-8847-4938-9ac3-c05d376cfa84,Grupo Tecnología 186,1,2601
42e7e9bd-6291-4cff-b952-256e1ed82d58,Grupo Finanzas 046,3,998
8d312b55-f203-4df4-a0a7-90927502c9e5,Grupo Tecnología 187,1,7013
f4f45937-ee14-4cb6-9aa6-476101c58f04,Grupo Recursos Humanos 053,2,682
44defcd4-214f-4552-be6c-e9fb48a6555e,Grupo Marketing 061,4,9003
a9616993-f310-42e7-8717-a0fba84a8b2f,Grupo Operaciones 096,5,2028
3de3708a-edce-4c2f-bbce-8b063da84920,Grupo Tecnología 188,1,742
f284101c-e06c-499a-a07b-a195a23aeec5,Grupo Producto 073,7,1261
38051422-156d-4191-b83a-5a3a03ad48a3,Grupo Operaciones 097,5,7059
c8251a4d-005c-4e26-be49-2cc50663c30e,Grupo Tecnología 189,1,2816
c79db39a-81b4-42ca-bc8d-7f4b90e8e854,Grupo Producto 074,7,417
6df477c3-3fc3-4275-ba71-394783ce6ac9,Grupo Soporte 069,8,6784
f6617569-f2bd-4aab-85b8-7444065dac46,Grupo Tecnología 190,1,2928
f7f90ff5-5cc9-4eff-9a92-eda32eef5bbe,Grupo Tecnología 191,1,9587
75d28af6-b0d0-4de4-95c8-f4142015bd02,Grupo Producto 075,7,847
dd566c9a-c1f3-4aef-95dd-b2c961452e5d,Grupo Legal 028,6,282
fc665dd3-abb9-41f7-b569-9e593f16526f,Grupo Tecnología 192,1,8555
a71f6fe2-1b8b-4ef2-b28c-19f7e0ad29a3,Grupo Tecnología 193,1,1745
526cfa3e-95d1-4eec-a3de-734ddaa21ba4,Grupo Recursos Humanos 054,2,3056
229c3894-6d14-40a2-be30-ca1f0307884d,Grupo Marketing 062,4,2416
bb7c7bd5-9cbc-49e0-bbcc-0719804c4d19,Grupo Operaciones 098,5,1677
1f480f3c-c28d-44e5-9212-b3414195e3ce,Grupo Recursos Humanos 055,2,8353
f0509ea1-a46b-49a5-9281-219c88fdf1bb,Grupo Finanzas 047,3,3621
560c7c1a-7210-4173-b593-123e90780b33,Grupo Legal 029,6,3589
3e47312f-5556-44f8-ad03-a945adcdd24f,Grupo Tecnología 194,1,5917
369de793-bff7-4942-aa40-30fd0dd0af2a,Grupo Tecnología 195,1,9413
b2a3889d-963a-4c4f-8971-160214cdc5f2,Grupo Operaciones 099,5,511
3f628309-a61d-497f-a84c-7f28d4807ce9,Grupo Producto 076,7,1558
fc051f09-6bd6-48e4-9518-7cbae1618675,Grupo Marketing 063,4,2961
c6c77962-b982-4363-8f41-774ab045adfb,Grupo Marketing 064,4,5103
b27de089-f977-4bdb-99d8-974eb0e3d562,Grupo Tecnología 196,1,6265
aac83c73-f68a-45b1-adc6-7698802fc381,Grupo Finanzas 048,3,768
8f198ae5-0076-43b3-9b5f-1dc66a4f4e30,Grupo Marketing 065,4,6492
f90d6566-06e7-4407-b03b-868f3782fbd3,Grupo Tecnología 197,1,3835
06e9caf7-f0c1-404a-90a2-6f2af8100414,Grupo Tecnología 198,1,5247
72c8b10d-3847-4ada-bc1d-8fe877b515b1,Grupo Recursos Humanos 056,2,8356
7f6119ff-f2b9-49c4-adf7-cb4c047e26df,Grupo Tecnología 199,1,4663
a292b2c2-149f-4649-b4cc-09ca82ca8e2f,Grupo Recursos Humanos 057,2,454
bf98beac-bb06-4f10-8f8e-bcef14d55336,Grupo Tecnología 200,1,6525
33b778f3-9a68-47ae-9065-a404315f8c6d,Grupo Recursos Humanos 058,2,6962
fd0de9b3-079f-41ea-8ae8-9c05a3690118,Grupo Tecnología 201,1,2747
b976f8be-372d-496d-8814-edc9886b8797,Grupo Producto 077,7,8228
95e289e6-3e5d-4388-ad75-4c8a1f7cbf1e,Grupo Operaciones 100,5,9674
f083dc56-85f8-4fe8-a804-ce521b93a056,Grupo Operaciones 101,5,417
7a2fc7e8-d443-4612-b93f-aa9a0186cf9b,Grupo Producto 078,7,6962
aee51178-398f-42b6-9823-07a230fe6443,Grupo Marketing 066,4,4282
42deb28b-01e2-432c-b94b-4a103132925d,Grupo Tecnología 202,1,3065
e4fa91b0-8491-433f-82b9-6c23a9f8ea8a,Grupo Marketing 067,4,592
ae2ec17b-3eec-4eb1-80f3-b541a53cc61a,Grupo Operaciones 102,5,320
d6c4a6b4-73d2-4907-9612-3d97b20c41db,Grupo Legal 030,6,3056
5dd7e959-3293-4138-bb86-191f72c139d9,Grupo Finanzas 049,3,4772
916b2263-6951-4539-952b-9196b7214b20,Grupo Tecnología 203,1,8090
34fd128e-a112-495d-b11c-f27dc55fb745,Grupo Tecnología 204,1,3351
0a1ee547-0dc3-4d04-a8b0-dd7291f510f5,Grupo Recursos Humanos 059,2,8298
30fc48ff-ef3b-4fa5-accd-d3bbf37e4648,Grupo Operaciones 103,5,3026
b549ea20-7d0b-4d19-adbc-df6a97466911,Grupo Marketing 068,4,2835
e0ca20c6-f8c9-4591-847b-c00328d05687,Grupo Recursos Humanos 060,2,2747
c140a12a-ea74-427a-8b4f-3913a4315f31,Grupo Soporte 070,8,5220
c124b386-dfd2-4481-a07f-c7b6e6e0b4c5,Grupo Operaciones 104,5,7615
5caaf402-680f-42e4-aa67-e71ef95611d9,Grupo Tecnología 205,1,2927
40ba1278-765c-4a6f-94f0-194a4e4d18bd,Grupo Tecnología 206,1,1480
8127758b-9aa3-47aa-acfe-fa8b98339900,Grupo Tecnología 207,1,822
027aac71-3327-44e7-81cd-d1de447f3a9a,Grupo Tecnología 208,1,5668
a3547c88-c85d-4c48-a996-8c9bcb53b1eb,Grupo Tecnología 209,1,5116
d11d3f90-5251-441c-bbd4-e465fc2b00ab,Grupo Tecnología 210,1,3739
1acf4413-be63-4ae0-b63d-6630fea785e9,Grupo Tecnología 211,1,3403
d67675fa-b1d6-492e-97f7-fc708ae41148,Grupo Tecnología 212,1,2556
54ddae93-8131-45ff-9c76-e810fbeb9782,Grupo Producto 079,7,8374
78dd3e4e-6831-411d-90e1-c74971c40329,Grupo Tecnología 213,1,3667
5e599dc5-1ac7-43c3-94d1-f188125b1cb5,Grupo Marketing 069,4,3812
de529f5d-c858-40c0-b0c4-64f6a4e40b75,Grupo Finanzas 050,3,4862
8f161e3e-a6b8-4e3d-9232-734eb7d46c21,Grupo Soporte 071,8,8762
b47d8aba-fc39-42c0-a210-39f05e41ef01,Grupo Tecnología 214,1,5875
8559a447-dec1-4c95-896a-18df28805e1f,Grupo Finanzas 051,3,9728
799df34b-daa3-4b6c-b53e-f54b4995730a,Grupo Soporte 072,8,4919
924c4e46-6d6e-4424-8a23-f90fbe99ef29,Grupo Producto 080,7,4645
8d0c7215-f03a-4f6f-8059-073ab4eb4a7b,Grupo Producto 081,7,3409
22bd1318-077a-4235-a36c-fffd6561032a,Grupo Tecnología 215,1,7630
39a3025e-b15d-48f0-8d59-ca53c16217dc,Grupo Tecnología 216,1,8286
64531072-c806-4dbc-a402-8e5178e6faf6,Grupo Operaciones 105,5,3942
9e20b3f5-32d8-459b-a0b2-be776bcc6b3f,Grupo Soporte 073,8,453
0f560cb2-c3f0-41e8-ac02-220490f72e5c,Grupo Marketing 070,4,807
46fd5dcc-9ed0-4326-bb6d-057a25219182,Grupo Marketing 071,4,4342
80c168f4-32f3-479e-a996-f74b3fd29441,Grupo Tecnología 217,1,8270
90118428-2eb2-4bb3-828e-bef1a7326318,Grupo Legal 031,6,4928
10624dbe-c2bf-42dd-b92d-facca444e334,Grupo Tecnología 218,1,6704
ce677205-f73e-462b-b096-5e4d59bdc598,Grupo Recursos Humanos 061,2,6953
76a197d3-9f27-4b58-8ac1-a006d18cd0ba,Grupo Finanzas 052,3,6290
49ab4470-ad84-48bc-8477-99a2756ed8f7,Grupo Marketing 072,4,7251
6d116226-ac6d-4731-9b18-ef1b6cb44278,Grupo Tecnología 219,1,4715
ab0c51b5-170c-418c-a88a-4f9c3d2d619b,Grupo Tecnología 220,1,906
cf6b5fac-ad6e-4b53-8eff-9f8d2a845e8f,Grupo Operaciones 106,5,5308
82efa183-8fe1-47a2-b151-cff0f58a8355,Grupo Tecnología 221,1,3026
94193d6d-284a-4925-8e5c-098c5358ab76,Grupo Operaciones 107,5,466
a4882140-ae40-4dcf-9c05-4ae686afa65d,Grupo Tecnología 222,1,519
820672ee-059a-4020-ba9b-591eb9bfbe1b,Grupo Marketing 073,4,4338
a4ee6d40-d2aa-442d-94a9-65394ab03fc8,Grupo Marketing 074,4,1509
bf3f7105-1011-462e-b16a-ad152d4b132f,Grupo Tecnología 223,1,5591
a2dd4a09-c483-40ff-b153-45bb20b137f3,Grupo Recursos Humanos 062,2,4457
753794f5-a29a-4676-a055-547affbff0ba,Grupo Tecnología 224,1,3658
90a56adf-1f2e-4552-9997-3c57d7b1ec60,Grupo Tecnología 225,1,2724
158ba003-17d8-4fad-901a-324804ef2b28,Grupo Soporte 074,8,2085
e7f5bad0-bc59-43dc-978a-d2f56959475e,Grupo Recursos Humanos 063,2,5680
9e46ef4b-bdca-43a3-9cd6-b20a015fe0c1,Grupo Producto 082,7,2375
d1da64c3-e101-4080-ab46-a6db96bd3e1f,Grupo Tecnología 226,1,7472
5d5dd739-275d-444f-ae59-b8ad9c066f45,Grupo Operaciones 108,5,799
3170ebfb-db02-4680-99a6-cab3982c3d40,Grupo Legal 032,6,6619
31e52ff4-ff00-47fd-b60d-752d5e0264b1,Grupo Operaciones 109,5,8506
93846dcf-d193-44bb-a080-5cb7ea3e3627,Grupo Finanzas 053,3,3658
ce92df47-b0b1-4623-bdb0-12aa7a548dc1,Grupo Finanzas 054,3,7246
3385ba7e-d7bc-4004-89b3-4e2fd95029df,Grupo Recursos Humanos 064,2,9474
8be2ad25-4e75-4395-8a39-517202f6cfd1,Grupo Soporte 075,8,9132
112cdb70-d07b-4d35-8ba0-76015fbd2cc1,Grupo Producto 083,7,7525
1bf4728b-02d3-4697-97fb-a63aacf85b5e,Grupo Soporte 076,8,1015
fbafb8a4-3b11-48bc-ab65-f8f07a063ed7,Grupo Tecnología 227,1,8731
b09c954b-2d04-451f-bf3d-40ffc7e97009,Grupo Legal 033,6,2986
b86b8b11-2a53-4d2e-a81a-6229443b8afc,Grupo Soporte 077,8,8213
a8035271-4a91-4fe9-b388-06fb9295cb41,Grupo Tecnología 228,1,9761
9f899dc2-fad9-4d37-9227-24c0cbe7eae7,Grupo Tecnología 229,1,896
663492dc-520b-4a2a-a01c-04279e185ad4,Grupo Legal 034,6,5239
e0aedd9a-9852-4014-8a55-a811e69ef97d,Grupo Marketing 075,4,3405
9ef5a763-f17b-4614-9e1e-6ad2018b1f1f,Grupo Producto 084,7,7950
7b0b290d-4e8c-4f06-9a34-d3f2509a43c9,Grupo Tecnología 230,1,4489
643e57a5-dfbb-4085-a3c1-a52cbf7c768e,Grupo Producto 085,7,3403
f210023b-6461-4751-8619-aadbd0e489b3,Grupo Tecnología 231,1,4281
833b24df-976b-4806-ae2f-6c7f638e003a,Grupo Tecnología 232,1,2712
327b332b-e2a1-444f-8ece-feaaeeed6ba8,Grupo Tecnología 233,1,4921
c793a64f-711a-496c-8aa9-7212818659d6,Grupo Producto 086,7,5389
5eb16e69-2038-4e49-b242-931aa50f4c7a,Grupo Operaciones 110,5,3902
38f83ca2-83cd-447c-a195-82e7ad7db2f3,Grupo Marketing 076,4,7562
e42301c3-b8f5-4d7c-9090-233287bf977d,Grupo Recursos Humanos 065,2,845
8d0a7c29-64be-49de-9e81-de74be7fedb6,Grupo Producto 087,7,6274
4059e4e3-c93e-4523-81e3-14df49ad87a0,Grupo Finanzas 055,3,3887
0c6d6346-75a8-46b9-999e-622659922e23,Grupo Producto 088,7,317
e23c0457-ac27-4eda-a4ca-8b12e7533a10,Grupo Finanzas 056,3,2028
7208754a-b7fb-47ec-bee0-2abdd2812e0c,Grupo Recursos Humanos 066,2,8484
aac845fb-05ef-4678-814b-c0f45a18f25e,Grupo Finanzas 057,3,1198
2044d542-c608-488d-acb9-7c311d07578d,Grupo Recursos Humanos 067,2,4533
16541312-797b-4e01-ab8c-9f95e69980c1,Grupo Legal 035,6,8374
d5470fc5-033e-4ac0-b840-4fd58cf77648,Grupo Marketing 077,4,5473
a2aefe1d-80d8-4f1b-b685-2495546816cc,Grupo Tecnología 234,1,6784
5d679497-32ee-4c70-90ad-c7ac5f2f8013,Grupo Producto 089,7,2724
1b0f6014-d6a5-4903-ae55-b9a6609e90b6,Grupo Finanzas 058,3,6402
58db2825-1d39-4d44-8582-869cc41a9497,Grupo Marketing 078,4,4383
0d08dc22-3a77-44ca-9916-bc99a976dfb4,Grupo Soporte 078,8,5195
ca5c43e6-c229-469a-8686-2621565b691b,Grupo Operaciones 111,5,2498
604eb1fd-46db-4fd5-aa8c-c0823a260b28,Grupo Tecnología 235,1,566
be2b3609-8636-4c89-9ae9-1485840a4e78,Grupo Soporte 079,8,5668
5bd6f269-da80-413a-be74-497639bec1b8,Grupo Operaciones 112,5,8058
90da089c-dae2-46f4-8d6d-4b580098e1fa,Grupo Recursos Humanos 068,2,3351
ea02b5d4-143f-4b15-964d-b140ec88e648,Grupo Tecnología 236,1,7297
4769b0fd-4dfc-4c9f-9f7d-a56c8ed6192c,Grupo Producto 090,7,388
fcf4e4b1-f4f0-4e5a-b6aa-809076984f80,Grupo Operaciones 113,5,7592
21615020-dad2-4de5-831b-e844a938c172,Grupo Marketing 079,4,2239
305221b3-9742-4500-96b7-6779444c113c,Grupo Producto 091,7,1711
e396871c-2e4c-4e34-b9ab-18dda417077f,Grupo Producto 092,7,4632
31355d94-23b0-4b0e-bc9e-37b0b4d38cb7,Grupo Tecnología 237,1,3065
a7dbb85b-d7a2-4f9a-9d53-e5f0199ddd5f,Grupo Recursos Humanos 069,2,8421
f2d5a854-d5af-4a53-be39-7d7f91a3db24,Grupo Tecnología 238,1,7875
57a28567-b826-42b5-b9d3-1f995411104e,Grupo Legal 036,6,9170
d6351bdb-c43c-43fa-b0cf-bea1dfb513b1,Grupo Tecnología 239,1,447
c94191c7-7226-418b-a7ea-f4931d857bc7,Grupo Marketing 080,4,2195
f7b024bb-6d43-48d3-bf29-f9d205e1765f,Grupo Legal 037,6,5412
ba4f4ca4-cde7-4b0b-9650-16d366e9f1b5,Grupo Producto 093,7,935
ab72e561-4ec2-453b-9f55-395c3bc782e5,Grupo Recursos Humanos 070,2,8072
a640a14f-f102-4e6b-a739-d1c1400ab97d,Grupo Producto 094,7,1282
8737a490-c51d-462d-92f0-193ef2d50825,Grupo Tecnología 240,1,7472
fe2c715e-3b41-4ef7-88d2-c32d52371d0a,Grupo Producto 095,7,721
bedf6f76-fe0e-4a2a-8b23-7b93c6eba5ce,Grupo Tecnología 241,1,235
c7a8efaa-3226-4e95-b550-32c46b6af89c,Grupo Finanzas 059,3,1539
ab0e0525-5a34-4c1a-9745-08d101b459fd,Grupo Producto 096,7,5525
76a77389-233f-4dc9-af84-9e8b15cdab95,Grupo Tecnología 242,1,8460
369fdcca-9cbc-4983-84c5-1824d6ff6891,Grupo Tecnología 243,1,7687
3e84b894-ac1a-4ed0-9fef-29e544667157,Grupo Operaciones 114,5,2466
6083fa22-6a50-402b-ab83-c66567154b09,Grupo Operaciones 115,5,5870
435e118d-f5cd-435f-a503-fac2304b2fc3,Grupo Operaciones 116,5,9757
09b27bcf-cd0f-4143-a973-5d0186382184,Grupo Operaciones 117,5,1319
45775078-c080-4148-acf2-956f97816572,Grupo Marketing 081,4,6643
d0f3368b-3631-4804-927c-11c3ea91344e,Grupo Tecnología 244,1,47
ca12b1dc-607d-4d05-b7d9-b801ab00aecc,Grupo Recursos Humanos 071,2,2724
5a705bfb-8a69-4f22-8dc3-9775f027daca,Grupo Tecnología 245,1,2724
e64758a6-025c-41bf-9683-f6deaa7e9412,Grupo Soporte 080,8,4103
456626a8-6622-4d27-bfe9-1eb30e08fa5a,Grupo Operaciones 118,5,1542
dfaa7b95-c4f3-48be-96ec-583eff8a3ef4,Grupo Finanzas 060,3,694
e159c406-6e22-45c4-a305-54fc5ea72682,Grupo Finanzas 061,3,2498
5629efa7-cfd1-4d99-a858-b323b71612cc,Grupo Soporte 081,8,7692
ca87f6ea-546f-43b3-a522-fde778f22465,Grupo Tecnología 246,1,1244
5bc9dcc7-41c1-4ab5-be89-c30f1741389d,Grupo Operaciones 119,5,8421
304b20aa-fc2f-44ba-8a45-ea68cd22dcc7,Grupo Marketing 082,4,9132
0ac4dd4d-24fd-4ceb-a38f-1c5e842e07d5,Grupo Operaciones 120,5,3567
1ba9235a-e296-4c81-876f-e21e6b89aec1,Grupo Tecnología 247,1,378
e36ce3fa-ccfc-4079-a6ba-12a866ca0072,Grupo Producto 097,7,6492
e97ca18c-680b-456f-bff1-f82047464c5e,Grupo Soporte 082,8,7136
591ab427-3a05-47c8-b5c0-e762ebd1e68a,Grupo Marketing 083,4,3887
3e6b27b0-b395-43c3-9966-73e817c11b48,Grupo Operaciones 121,5,8575
80a097e4-b4f2-441b-96f0-43ecaeb142d0,Grupo Soporte 083,8,6885
